{
  "condition": "minecraft:any_of",
  "terms": [
    {
      "condition": "minecraft:entity_properties",
      "entity": "this",
      "predicate": {
        "slots": {
          "weapon.mainhand": {
            "items": "#tooltrims:custom_item_templates"
          }
        }
      }
    },
    {
      "condition": "minecraft:entity_properties",
      "entity": "this",
      "predicate": {
        "slots": {
          "player.cursor": {
            "items": "#tooltrims:custom_item_templates"
          }
        }
      }
    },
    {
      "condition": "minecraft:reference",
      "name": "tooltrims:detect_custom_barrel"
    }
  ]
}