{
	"credit": "Made with Blockbench",
	"texture_size": [32, 96],
	"textures": {
		"0": "minecraft:item/coins",
		"particle": "minecraft:item/coins"
	},
	"elements": [
		{
			"name": "right_center",
			"from": [3.5, 2, 7.5],
			"to": [4.5, 10, 8.5],
			"faces": {
				"north": {"uv": [4, 6.66667, 4.5, 8], "texture": "#0"},
				"east": {"uv": [7, 5.16667, 8, 11.16667], "texture": "#0"},
				"south": {"uv": [0.5, 6.66667, 1, 8], "texture": "#0"},
				"west": {"uv": [0.5, 6.66667, 1, 8], "texture": "#0"},
				"up": {"uv": [0.5, 6.66667, 1, 6.83333], "texture": "#0"},
				"down": {"uv": [0.5, 7.83333, 1, 8], "texture": "#0"}
			}
		},
		{
			"name": "right",
			"from": [2.5, 3, 7.5],
			"to": [3.5, 9, 8.5],
			"faces": {
				"north": {"uv": [4.5, 6.83333, 5, 7.83333], "texture": "#0"},
				"east": {"uv": [9, 5.16667, 10, 10.16667], "texture": "#0"},
				"south": {"uv": [0, 6.83333, 0.5, 7.83333], "texture": "#0"},
				"west": {"uv": [0, 6.83333, 0.5, 7.83333], "texture": "#0"},
				"up": {"uv": [0, 6.83333, 0.5, 7], "texture": "#0"},
				"down": {"uv": [0, 7.66667, 0.5, 7.83333], "texture": "#0"}
			}
		},
		{
			"name": "left",
			"from": [11.5, 3, 7.5],
			"to": [12.5, 9, 8.5],
			"faces": {
				"north": {"uv": [0, 6.83333, 0.5, 7.83333], "texture": "#0"},
				"east": {"uv": [4.5, 6.83333, 5, 7.83333], "texture": "#0"},
				"south": {"uv": [4.5, 6.83333, 5, 7.83333], "texture": "#0"},
				"west": {"uv": [0, 5.16667, 1, 10.16667], "texture": "#0"},
				"up": {"uv": [4.5, 6.83333, 5, 7], "texture": "#0"},
				"down": {"uv": [4.5, 7.66667, 5, 7.83333], "texture": "#0"}
			}
		},
		{
			"name": "left_center",
			"from": [10.5, 2, 7.5],
			"to": [11.5, 10, 8.5],
			"faces": {
				"north": {"uv": [0.5, 6.66667, 1, 8], "texture": "#0"},
				"east": {"uv": [4, 6.66667, 4.5, 8], "texture": "#0"},
				"south": {"uv": [4, 6.66667, 4.5, 8], "texture": "#0"},
				"west": {"uv": [2, 5.16667, 3, 11.16667], "texture": "#0"},
				"up": {"uv": [4, 6.66667, 4.5, 6.83333], "texture": "#0"},
				"down": {"uv": [4, 7.83333, 4.5, 8], "texture": "#0"}
			}
		},
		{
			"name": "center",
			"from": [4.5, 1, 7.5],
			"to": [10.5, 11, 8.5],
			"faces": {
				"north": {"uv": [1, 6.5, 4, 8.16667], "texture": "#0"},
				"east": {"uv": [4, 6.66667, 4.5, 8], "texture": "#0"},
				"south": {"uv": [1, 6.5, 4, 8.16667], "texture": "#0"},
				"west": {"uv": [0.5, 6.66667, 1, 8], "texture": "#0"},
				"up": {"uv": [1, 6.5, 4, 6.66667], "texture": "#0"},
				"down": {"uv": [1, 8, 4, 8.16667], "texture": "#0"}
			}
		},
		{
			"name": "edge_front",
			"from": [2.5, 1, 7.3],
			"to": [12.5, 11, 7.3],
			"faces": {
				"north": {"uv": [5, 6.5, 10, 8.16667], "texture": "#0"},
				"east": {"uv": [0, 5, 0, 10], "texture": "#0"},
				"south": {"uv": [12, 2.66667, 13, 3.33333], "texture": "#0"},
				"west": {"uv": [0, 5, 0, 10], "texture": "#0"},
				"up": {"uv": [0, 5, 5, 5], "texture": "#0"},
				"down": {"uv": [0, 5, 5, 5], "texture": "#0"}
			}
		},
		{
			"name": "edge_back",
			"from": [2.5, 1, 8.7],
			"to": [12.5, 11, 8.7],
			"faces": {
				"north": {"uv": [13.5, 3.33333, 15.5, 3.5], "texture": "#0"},
				"east": {"uv": [11, 2, 13, 1.83333], "texture": "#0"},
				"south": {"uv": [5, 6.5, 10, 8.16667], "texture": "#0"},
				"west": {"uv": [13.5, 3, 15, 3.16667], "texture": "#0"},
				"up": {"uv": [13, 2.33333, 15.5, 2.16667], "texture": "#0"},
				"down": {"uv": [12, 2.33333, 14, 2.16667], "texture": "#0"}
			}
		},
		{
			"name": "number_front",
			"from": [4.5, 4, 7.3],
			"to": [10.5, 8, 7.3],
			"faces": {
				"north": {"uv": [11, 7, 15, 7.83333], "texture": "#0"},
				"east": {"uv": [11.5, 2.66667, 12, 3.33333], "texture": "#0"},
				"south": {"uv": [11, 5.33333, 15, 6.16667], "texture": "#0"},
				"west": {"uv": [11.5, 2.66667, 12, 3.33333], "texture": "#0"},
				"up": {"uv": [11.5, 2.66667, 14, 2.66667], "texture": "#0"},
				"down": {"uv": [11.5, 2.66667, 14, 2.66667], "texture": "#0"}
			}
		},
		{
			"name": "number_back",
			"from": [4.5, 4, 8.7],
			"to": [10.5, 8, 8.7],
			"faces": {
				"north": {"uv": [11, 5.33333, 15, 6.16667], "texture": "#0"},
				"east": {"uv": [11, 1.33333, 11.5, 2], "texture": "#0"},
				"south": {"uv": [11, 7, 15, 7.83333], "texture": "#0"},
				"west": {"uv": [11, 1.33333, 11.5, 2], "texture": "#0"},
				"up": {"uv": [11, 1.33333, 13.5, 1.33333], "texture": "#0"},
				"down": {"uv": [11, 1.33333, 13.5, 1.33333], "texture": "#0"}
			}
		}
	],
	"gui_light": "front",
	"display": {
		"thirdperson_righthand": {
			"translation": [0.12, 1.5, 0.25],
			"scale": [0.35, 0.35, 0.35]
		},
		"thirdperson_lefthand": {
			"translation": [-0.12, 1.5, 0.25],
			"scale": [0.35, 0.35, 0.35]
		},
		"firstperson_righthand": {
			"translation": [1, 3.75, 0],
			"scale": [0.6, 0.6, 0.6]
		},
		"firstperson_lefthand": {
			"translation": [1, 3.75, 0],
			"scale": [0.6, 0.6, 0.6]
		},
		"ground": {
			"translation": [0, 2.5, 0],
			"scale": [0.6, 0.6, 0.6]
		},
		"gui": {
			"translation": [0.75, 2.25, 0]
		},
		"head": {
			"translation": [0, 8, 0],
			"scale": [0.5, 0.5, 0.5]
		},
		"fixed": {
			"translation": [0.5, 2.5, 0]
		}
	},
	"groups": [
		{
			"name": "coin_50",
			"origin": [0, 0, 0],
			"color": 0,
			"children": [0, 1, 2, 3, 4, 5, 6, 7, 8]
		}
	]
}