{
	"credit": "Made with Blockbench",
	"texture_size": [32, 92],
	"textures": {
		"0": "minecraft:item/coins",
		"particle": "minecraft:item/coins"
	},
	"elements": [
		{
			"name": "right_center",
			"from": [3.5, 2, 7.5],
			"to": [4.5, 10, 8.5],
			"faces": {
				"north": {"uv": [4, 1.73913, 4.5, 3.13043], "texture": "#0"},
				"east": {"uv": [7, 2, 8, 8], "texture": "#0"},
				"south": {"uv": [0.5, 1.73913, 1, 3.13043], "texture": "#0"},
				"west": {"uv": [0.5, 1.73913, 1, 3.13043], "texture": "#0"},
				"up": {"uv": [0.5, 1.73913, 1, 1.91304], "texture": "#0"},
				"down": {"uv": [0.5, 2.95652, 1, 3.13043], "texture": "#0"}
			}
		},
		{
			"name": "right",
			"from": [2.5, 3, 7.5],
			"to": [3.5, 9, 8.5],
			"faces": {
				"north": {"uv": [4.5, 1.91304, 5, 2.95652], "texture": "#0"},
				"east": {"uv": [9, 2, 10, 7], "texture": "#0"},
				"south": {"uv": [0, 1.91304, 0.5, 2.95652], "texture": "#0"},
				"west": {"uv": [0, 1.91304, 0.5, 2.95652], "texture": "#0"},
				"up": {"uv": [0, 1.91304, 0.5, 2.08696], "texture": "#0"},
				"down": {"uv": [0, 2.78261, 0.5, 2.95652], "texture": "#0"}
			}
		},
		{
			"name": "left",
			"from": [11.5, 3, 7.5],
			"to": [12.5, 9, 8.5],
			"faces": {
				"north": {"uv": [0, 1.91304, 0.5, 2.95652], "texture": "#0"},
				"east": {"uv": [4.5, 1.91304, 5, 2.95652], "texture": "#0"},
				"south": {"uv": [4.5, 1.91304, 5, 2.95652], "texture": "#0"},
				"west": {"uv": [0, 2, 1, 7], "texture": "#0"},
				"up": {"uv": [4.5, 1.91304, 5, 2.08696], "texture": "#0"},
				"down": {"uv": [4.5, 2.78261, 5, 2.95652], "texture": "#0"}
			}
		},
		{
			"name": "left_center",
			"from": [10.5, 2, 7.5],
			"to": [11.5, 10, 8.5],
			"faces": {
				"north": {"uv": [0.5, 1.73913, 1, 3.13043], "texture": "#0"},
				"east": {"uv": [4, 1.73913, 4.5, 3.13043], "texture": "#0"},
				"south": {"uv": [4, 1.73913, 4.5, 3.13043], "texture": "#0"},
				"west": {"uv": [2, 2, 3, 8], "texture": "#0"},
				"up": {"uv": [4, 1.73913, 4.5, 1.91304], "texture": "#0"},
				"down": {"uv": [4, 2.95652, 4.5, 3.13043], "texture": "#0"}
			}
		},
		{
			"name": "center",
			"from": [4.5, 1, 7.5],
			"to": [10.5, 11, 8.5],
			"faces": {
				"north": {"uv": [1, 1.56522, 4, 3.30435], "texture": "#0"},
				"east": {"uv": [4, 1.73913, 4.5, 3.13043], "texture": "#0"},
				"south": {"uv": [1, 1.56522, 4, 3.30435], "texture": "#0"},
				"west": {"uv": [0.5, 1.73913, 1, 3.13043], "texture": "#0"},
				"up": {"uv": [1, 1.56522, 4, 1.73913], "texture": "#0"},
				"down": {"uv": [1, 3.13043, 4, 3.30435], "texture": "#0"}
			}
		},
		{
			"name": "number_front",
			"from": [2.5, 1, 7.3],
			"to": [12.5, 11, 7.3],
			"faces": {
				"north": {"uv": [5, 1.56522, 10, 3.30435], "texture": "#0"},
				"east": {"uv": [0, 0, 0, 5], "texture": "#0"},
				"south": {"uv": [10.5, 3, 11.5, 3.66667], "texture": "#0"},
				"west": {"uv": [0, 0, 0, 5], "texture": "#0"},
				"up": {"uv": [0, 0, 5, 0], "texture": "#0"},
				"down": {"uv": [0, 0, 5, 0], "texture": "#0"}
			}
		},
		{
			"name": "number_back",
			"from": [2.5, 1, 8.7],
			"to": [12.5, 11, 8.7],
			"faces": {
				"north": {"uv": [13, 2, 15, 3], "texture": "#0"},
				"east": {"uv": [10.5, 0.33333, 12.5, 1.66667], "texture": "#0"},
				"south": {"uv": [5, 1.56522, 10, 3.30435], "texture": "#0"},
				"west": {"uv": [13, 1.33333, 14.5, 3], "texture": "#0"},
				"up": {"uv": [12.5, 1, 15, 1.66667], "texture": "#0"},
				"down": {"uv": [11.5, 0.66667, 13.5, 2], "texture": "#0"}
			}
		}
	],
	"gui_light": "front",
	"display": {
		"thirdperson_righthand": {
			"translation": [0.12, 1.5, 0.25],
			"scale": [0.3, 0.3, 0.3]
		},
		"thirdperson_lefthand": {
			"translation": [0, 1.5, 0.25],
			"scale": [0.3, 0.3, 0.3]
		},
		"firstperson_righthand": {
			"translation": [1, 3, 0],
			"scale": [0.5, 0.5, 0.5]
		},
		"firstperson_lefthand": {
			"translation": [1, 3, 0],
			"scale": [0.5, 0.5, 0.5]
		},
		"ground": {
			"translation": [0, 2.5, 0],
			"scale": [0.6, 0.6, 0.6]
		},
		"gui": {
			"translation": [0.75, 2.25, 0]
		},
		"head": {
			"translation": [0, 8, 0],
			"scale": [0.5, 0.5, 0.5]
		},
		"fixed": {
			"translation": [0.5, 2.5, 0]
		}
	},
	"groups": [
		{
			"name": "coin_5",
			"origin": [0, 0, 0],
			"color": 0,
			"children": [0, 1, 2, 3, 4, 5, 6]
		}
	]
}