{
	"credit": "Made with Blockbench",
	"textures": {
		"0": "minecraft:item/coin_sack",
		"particle": "minecraft:item/coin_sack"
	},
	"elements": [
		{
			"name": "sack_base",
			"from": [4, 0, 4],
			"to": [12, 6, 12],
			"faces": {
				"north": {"uv": [0, 0, 8, 6], "texture": "#0"},
				"east": {"uv": [0, 0, 8, 6], "texture": "#0"},
				"south": {"uv": [0, 0, 8, 6], "texture": "#0"},
				"west": {"uv": [0, 0, 8, 6], "texture": "#0"},
				"up": {"uv": [8, 8, 16, 16], "texture": "#0"},
				"down": {"uv": [8, 0, 16, 8], "texture": "#0"}
			}
		},
		{
			"name": "sack_rope",
			"from": [6, 6, 6],
			"to": [10, 8, 10],
			"faces": {
				"north": {"uv": [6, 12, 8, 16], "rotation": 270, "texture": "#0"},
				"east": {"uv": [6, 12, 8, 16], "rotation": 270, "texture": "#0"},
				"south": {"uv": [6, 12, 8, 16], "rotation": 270, "texture": "#0"},
				"west": {"uv": [6, 12, 8, 16], "rotation": 270, "texture": "#0"},
				"up": {"uv": [4, 2, 8, 6], "texture": "#0"},
				"down": {"uv": [4, 2, 8, 6], "texture": "#0"}
			}
		},
		{
			"name": "sack_top",
			"from": [5, 8, 5],
			"to": [11, 11, 11],
			"faces": {
				"north": {"uv": [0, 7, 6, 10], "texture": "#0"},
				"east": {"uv": [0, 7, 6, 10], "texture": "#0"},
				"south": {"uv": [0, 7, 6, 10], "texture": "#0"},
				"west": {"uv": [0, 7, 6, 10], "texture": "#0"},
				"up": {"uv": [0, 10, 6, 16], "texture": "#0"},
				"down": {"uv": [0, 10, 6, 16], "texture": "#0"}
			}
		}
	],
	"gui_light": "front",
	"display": {
		"thirdperson_righthand": {
			"rotation": [42, 0, 0],
			"scale": [0.45, 0.48, 0.45]
		},
		"thirdperson_lefthand": {
			"rotation": [42, 0, 0],
			"scale": [0.45, 0.48, 0.45]
		},
		"firstperson_righthand": {
			"rotation": [0, 13, 0],
			"translation": [0, 3.5, 0.25],
			"scale": [0.5, 0.5, 0.5]
		},
		"firstperson_lefthand": {
			"rotation": [0, 13, 0],
			"translation": [0, 3.5, 0.25],
			"scale": [0.5, 0.5, 0.5]
		},
		"ground": {
			"translation": [0, 2.75, 0],
			"scale": [0.6, 0.6, 0.6]
		},
		"gui": {
			"rotation": [24, 45, 0],
			"translation": [0, 2, 0],
			"scale": [0.8, 0.8, 0.8]
		},
		"head": {
			"translation": [0, 8, 0]
		},
		"fixed": {
			"translation": [0, 2.75, 0]
		}
	},
	"groups": [
		{
			"name": "group",
			"origin": [0, 0, 0],
			"color": 0,
			"children": [0, 1, 2]
		}
	]
}